{"s11db": [-5.871354499980555, -0.5681042703540639, -1.8361407662036486, -3.641853456159322, -5.6571784831953185, -6.58928612333596, -5.3075681398716394, -3.783500181735522, -1.9437358304275378, -0.792230165777546, -0.7117478618903432, -1.3455000466467102, -3.1637327064640774, -5.255979928631287, -6.743491926897787, -6.494687598183847, -4.834909435427378, -3.346289429006768, -1.9151267397593945, -0.9562152342923962, -0.9095603907416765, -1.9535097413677227, -4.260139907945671, -6.800704371990434, -7.686743415340321, -6.53141268801869, -4.640274737934245, -3.142854778272781, -1.906473077412605, -1.0652887578601633, -1.0372363548231043, -2.609310565253573, -6.056680135564073, -9.295995520724018, -9.255193707245166, -7.173912937293393, -5.164736679456295, -3.544413650538539, -2.174500649966945, -1.1379619111428838, -1.2550494448520273, -4.011069233926061, -9.328532219098323, -14.193309135423855, -12.505015350337336, -9.018470773538368, -6.312143195710544, -4.225381037348421, -2.4625128783359105, -1.3041761974307329, -1.8191745808850681, -4.863564781045592, -9.708218985023882, -13.39128996825626, -11.503842816202866, -8.364602060761497, -5.830647745713412, -3.9143597076905663, -2.315203613068722, -1.2909727458440194, -1.9299141095444625, -5.076339863696821, -9.047921695787634, -10.528013676974084, -8.755168229030033, -6.500359847519931, -4.715641939086735, -3.331986628914568, -2.0134564355077247, -1.2442016699045124, -2.2799817113040612, -5.461898760620539, -8.831088994067056, -9.776060825136785, -8.070818664095928, -6.145353125749827, -4.440344652767174, -2.9240313287765236, -1.662404580138273, -1.3162102332011383, -2.685079017271393, -6.645531114429165, -10.010215707889747, -9.22233022649399, -7.130097446357847, -5.394821639735005, -3.887271025972558, -2.6319403822917216, -1.6236364528903278, -1.4395363792750424, -3.636759404484939, -8.235429108161357, -9.38324841302214, -7.38160342543498, -5.612732810192666, -4.292178983881848, -3.2338383471118877, -2.33931653877909, -1.727128320865057, -2.2153539606285784], "s12db": [-110.22117607074611, -123.31636978607968, -122.88545610316184, -110.73799119973607, -107.00875415889259, -104.8317800560975, -101.90776542600425, -106.33638554077456, -102.95410175337992, -109.84401730191557, -111.63583920198626, -106.07959971319292, -101.0124740296805, -117.85935800709038, -100.39928197226855, -104.33446094463488, -103.99927492633778, -105.15488459763758, -104.07501594536505, -116.16732980508652, -109.2111399939858, -107.43213847922, -111.98134192797895, -111.72208547220016, -104.02426727531147, -108.44170470857438, -106.75723713401523, -112.27049337172838, -104.86331753482362, -105.98231300704404, -107.25427391418026, -100.35830358323808, -94.85426931207758, -95.34965847928885, -97.32348672912838, -103.16111899901267, -102.17207442077722, -104.6396474916555, -107.90035004000345, -107.81159302619443, -117.43194811276413, -101.48699913300302, -99.39747107614801, -111.93025997921013, -103.60300701285539, -104.48011414102427, -115.90293080662447, -106.08549012861582, -101.18163252968442, -109.54677924940995, -93.15587904434418, -90.92048161849166, -92.51624814774404, -97.54891548116592, -99.8075202247741, -94.39922113212079, -102.02331629721108, -94.5696265334606, -103.97537537330791, -103.78658857559797, -95.05320313255787, -97.37496998389689, -100.7753588746546, -111.53297133818135, -101.76011495932185, -99.00802344339502, -97.27318846949072, -96.44763513043479, -94.85955031085966, -101.36715379466227, -93.50537409026913, -103.3974153881714, -93.37002690920664, -106.40485079682239, -98.01186314443042, -95.29918725338469, -100.48973459076092, -111.60284611294038, -109.84796662109497, -99.09444108940292, -102.56288082505846, -89.04943614630291, -91.75482407730023, -94.31050161122945, -90.96071515388024, -89.37768701859244, -86.26513725730513, -92.32128758811831, -89.7016318300584, -92.94526972170468, -86.90543291368856, -83.05323009862897, -90.98393126132217, -97.24103274635296, -99.45592110709724, -100.7495155319213, -97.72340408741961, -96.87536795619808, -104.31597377895484, -110.57489312223531], "s21db": [-122.2585621134013, -111.98171906827457, -110.32741583217508, -101.46705381501108, -98.476534222015, -102.27676642083583, -95.8325076590421, -105.37942730036114, -103.07406772538226, -98.08025758408746, -106.60166979878868, -103.20041774448107, -97.71621462559791, -102.12609895269678, -104.33000957571394, -111.2362709336339, -103.88359843766102, -99.53416955170081, -107.99664349009706, -105.45673960657277, -103.50930287818512, -108.766520684657, -105.2089645179771, -116.05694004026105, -105.56760960594552, -118.62967695777043, -106.27575085221252, -108.37946558386312, -105.24612646018115, -111.15689657879842, -105.24345024539146, -100.11534653185775, -94.40063124990101, -94.8447074734335, -97.01361817932812, -98.02137327822523, -99.22892965452151, -105.94609172856218, -114.61804702770438, -115.96775525725904, -120.12680260882108, -103.32641369311673, -101.67538071491097, -102.45375072142002, -100.70848086781731, -102.64860135602432, -102.28708244444896, -97.72370336409855, -103.31213787568224, -89.36974457534984, -96.66588204322956, -100.30441406754562, -93.49707136032211, -90.89730391596454, -105.54701730018937, -91.3309587248595, -90.80822471340093, -99.03291691584995, -94.98152798237126, -102.11649053080087, -95.36274976468178, -99.88335326365234, -102.4470477393852, -98.62781465797957, -93.98411546581877, -99.37707973519265, -111.02822181723326, -124.73327165629686, -105.30999263793382, -107.90650285318323, -96.30802444697528, -98.19805458069153, -102.15284381144144, -98.11634980666236, -99.60777683621825, -111.15159312600389, -97.11361639631806, -96.98523647011343, -108.77574757993276, -95.20265278994698, -100.35274251066062, -95.97265909579235, -96.59374322673804, -96.6157969578507, -96.54625779084093, -91.45957770494684, -85.89655434226651, -91.55248021444058, -89.67262518450485, -90.87875854514255, -87.80870786020749, -86.0184409542117, -90.22139001150924, -96.4400573398299, -99.549421655691, -107.63678568607739, -97.22532531274659, -95.99797312862236, -98.45570494859518, -101.06456563155895],